sessions,status
SSN-/1NjPY04d+dwLGdF6Y8uq1YXwjhDjxW4RqVXW0vgGbk=,FRAUD
SSN-/Aa7H92wx3PDf0/xJCSMlff67hnEJPjWLs/P9O8mCPs=,FRAUD
SSN-/IrhkjiiGuWd+nSMgXdyqKyVay2StKoNnXd/2g2RRtA=,FRAUD
SSN-/LvvXATrsg6Cmr5UbbiU7eWLaxpWQWDjH9cEL4wHvyU=,FRAUD
SSN-/MFcG0Ze+sJMuABFbJGpsTtxUp02B3MAAbG5M3VnKJU=,FRAUD
SSN-/N7Tjso1yhCTfOuJclJZTqEKhLrlU8NoQDk8ziAu9YY=,FRAUD
SSN-/n7TQHptMiye2AJOCH6ukGU/faO4uhHFcCX5yV/OzLQ=,FRAUD
SSN-/NYrn7tgGTC7N0kMGZmg/C58Y51WApzisvQ7YJDolmc=,FRAUD
SSN-/oZ5sQVVv+rGlrkuPM/G4WsBKFRcWxGdbBpBoDYXnvE=,FRAUD
SSN-/S49otG5/5+2cYLAJa6u1u47b1bIye+W11Bc7F9G9d8=,FRAUD
SSN-/t7A86Ffuzx0pFMtPPJIzBGkQULu7iWWPr2dUtstAiI=,FRAUD
SSN-/UwmQcslxqiTFgStft5Fru76Ibu1+OFLCCDIppUjT7s=,FRAUD
SSN-/wQxC+IwElSM1CdIwCkgvEuXvP7HPvY4UJ9GEoHcTeo=,FRAUD
SSN-/wsbN+CuBGYRVgtJWwZuPO84I5e5gH2WSDf2earhyLs=,FRAUD
SSN-+1JpAepXi0xB6gu8IwF15okYjDuRdK13HjVvc7J6d8E=,FRAUD
SSN-+2IUR4Zus1cojZDyCUIFTZ7K4lCSeARqIAYlzImA89E=,FRAUD
SSN-+7C15adHVK24FD+ydUgNPrpMrNAlYMzVg1AUDIWQ0T4=,FRAUD
SSN-+7dHkM303tbccvmJD12uH3f+oCBIREziqddBiIfyf8A=,FRAUD
SSN-+aRGhoeJ7OcS4U7tkxOVEG2W6DVo70Vi5exeQ5beCcw=,FRAUD
SSN-+BXqBtDygYSjWhVOObLh2OC3SLYY6UHfAuNTmqYn0Tg=,FRAUD
SSN-+DLxIxC02ivH4888kq4FwOud4ohJvRq2DYelZIGDUlU=,FRAUD
SSN-+DZsDyz2XDtR9ko/ERwU4McUla3Wf1CUXoWuQjVIWD4=,FRAUD
SSN-+fIRswa69WPG8/fdueNXXXAI54g6zA2Mj7KjJI92UcY=,FRAUD
SSN-+IjdTr9fP2lSVP6fqzvVkqlrIzSgH9faNnFTC/nMJjw=,FRAUD
SSN-+JB0WkHwZ7QK7wDx5km/K6oIR9llWqndQHuj/vLmemA=,FRAUD
SSN-+kYO4SGipP/+bSKA44edORECWcv/1VQfrc4avxf9Xco=,FRAUD
SSN-+pYi6DegTi+8gpfEczLvtSCV3By+i+OiEqd/lavrPFs=,FRAUD
SSN-+V7R8LIDsa6Ym88AovYjymwoeO0HW4Vtxwp3GMwhao8=,FRAUD
SSN-+WxJ+ikLBE1ngB5cxVhlAxJPsvGH9ZxppMF5K+tnAbY=,FRAUD
SSN-+Yh4fY7rE1KXBzwqMVBOvim2lRGdwAeN/cEpCkMT4K0=,FRAUD
SSN-+YO2QKLXBKwxT+a1hEtUXMtnDl3QzPSXysoReuVkl/E=,FRAUD
SSN-+YuWaxnYxd3si/+9KKi1+VsalMVZmvHnJ4XxpSdesME=,FRAUD
SSN-+ZAIGcmNMN7WrJUlckpXvO96BpriOPIx7yOFqEBQzwc=,FRAUD
SSN-0+/Bo4da3xDvIEKOxyleUXcStB3a8tvETeoHHUm+RDM=,FRAUD
SSN-00VCLPhDzLFA9qbiFtlvL3QnHNyydR2yu24uv/3DZqc=,FRAUD
SSN-02Cbf61P2Cka0XYFiQd93ZXIKuzgzaQpUemJiWJJ9/M=,FRAUD
SSN-035zf2WwXaNnG+RgtSdIqW5ndB06Vvz9nlCqrAUiM24=,FRAUD
SSN-09kzRiwWdUtHUhQqzT3DiseLZqjXtHuQQQ650wHxlfQ=,FRAUD
SSN-0aQtsYxaRvolusZnSEQw8eQvGRXsgwM0q02TCHYYh7k=,FRAUD
SSN-0c6URYhnYbsSWnyCN0qKiWOfDLJ+Gf//4begwRCS27g=,FRAUD
SSN-0DjXdD722a0P994yTXa1Ca6ON6hZzW2nuT04OxKSdSc=,FRAUD
SSN-0dWvdvelY7ncd7Wf1FeM6exPc4Ikq61KpWJzN8iHdK4=,FRAUD
SSN-0gTXa8iblgwBXjJq0dIxOQe34lp2/X0kzSGhr6OjiUc=,FRAUD
SSN-0HEARuulEbeYx5OWb3+/VNh7J5n/78xDvqr/o2xGI2I=,FRAUD
SSN-0hQ+FfxHcV7Cso+YNGF/93XSt958OBWZPyS31zWAjr0=,FRAUD
SSN-0jtFE+gqN6pjdz0nLO/SQ8qhwX15csEqv+yLR+cfKZA=,FRAUD
SSN-0kEUszvfH0AashAEUQ1UVTnNbzh49Q+nYB6saJtDjzo=,FRAUD
SSN-0NBWAj2lE8ms0cVeA+NXnC/04yelqqNEWjX9VKu2vT0=,FRAUD
SSN-0NejGJNWpWvIVFy+lZINac1jJ5g4u33ZCtUM5cg2lPQ=,FRAUD
